,Strike,Type,Maturity,Tau,Option Price,Contract,Underlying Price,RF Rates,Model IV
0,49.5,Call,2025-12-16,0.3945205479452054,14.57,CLF26,63.08000183105469,0.04379616438356164,0.407567130607822
1,51.0,Call,2025-12-16,0.3945205479452054,13.275,CLF26,63.08000183105469,0.04379616438356164,0.3734961963337803
2,51.5,Call,2025-12-16,0.3945205479452054,12.855,CLF26,63.08000183105469,0.04379616438356164,0.36435124930947377
3,54.0,Call,2025-12-16,0.3945205479452054,10.83,CLF26,63.08000183105469,0.04379616438356164,0.326343526232644
4,55.5,Call,2025-12-16,0.3945205479452054,9.675,CLF26,63.08000183105469,0.04379616438356164,0.30702145516875134
5,56.0,Call,2025-12-16,0.3945205479452054,9.305,CLF26,63.08000183105469,0.04379616438356164,0.3015937176004699
6,56.5,Call,2025-12-16,0.3945205479452054,8.945,CLF26,63.08000183105469,0.04379616438356164,0.2969023536728041
7,57.0,Call,2025-12-16,0.3945205479452054,8.585,CLF26,63.08000183105469,0.04379616438356164,0.2914780717884224
8,57.5,Call,2025-12-16,0.3945205479452054,8.235,CLF26,63.08000183105469,0.04379616438356164,0.28670258634662676
9,58.0,Call,2025-12-16,0.3945205479452054,7.895,CLF26,63.08000183105469,0.04379616438356164,0.28249541047408927
10,58.5,Call,2025-12-16,0.3945205479452054,7.555,CLF26,63.08000183105469,0.04379616438356164,0.2775402371646712
11,59.0,Call,2025-12-16,0.3945205479452054,7.23,CLF26,63.08000183105469,0.04379616438356164,0.2737029184243184
12,59.5,Call,2025-12-16,0.3945205479452054,6.905,CLF26,63.08000183105469,0.04379616438356164,0.2691060427056905
13,60.0,Call,2025-12-16,0.3945205479452054,6.59,CLF26,63.08000183105469,0.04379616438356164,0.26494361884404083
14,60.5,Call,2025-12-16,0.3945205479452054,6.285,CLF26,63.08000183105469,0.04379616438356164,0.26116974532631426
15,61.0,Call,2025-12-16,0.3945205479452054,5.99,CLF26,63.08000183105469,0.04379616438356164,0.25774611570085065
16,61.5,Call,2025-12-16,0.3945205479452054,5.705,CLF26,63.08000183105469,0.04379616438356164,0.2546411356029922
17,62.0,Call,2025-12-16,0.3945205479452054,5.425,CLF26,63.08000183105469,0.04379616438356164,0.25129630439874173
18,62.5,Call,2025-12-16,0.3945205479452054,5.155,CLF26,63.08000183105469,0.04379616438356164,0.24823911456506192
19,63.0,Call,2025-12-16,0.3945205479452054,4.890000000000001,CLF26,63.08000183105469,0.04379616438356164,0.2449322190368437
20,63.5,Call,2025-12-16,0.3945205479452054,4.640000000000001,CLF26,63.08000183105469,0.04379616438356164,0.2424025345093184
21,64.0,Call,2025-12-16,0.3945205479452054,4.4,CLF26,63.08000183105469,0.04379616438356164,0.24011536494160982
22,64.5,Call,2025-12-16,0.3945205479452054,4.16,CLF26,63.08000183105469,0.04379616438356164,0.23705406866538595
23,65.0,Call,2025-12-16,0.3945205479452054,3.94,CLF26,63.08000183105469,0.04379616438356164,0.23524104207858132
24,65.5,Call,2025-12-16,0.3945205479452054,3.725,CLF26,63.08000183105469,0.04379616438356164,0.2331595531306081
25,66.0,Call,2025-12-16,0.3945205479452054,3.52,CLF26,63.08000183105469,0.04379616438356164,0.23131680078892702
26,66.5,Call,2025-12-16,0.3945205479452054,3.325,CLF26,63.08000183105469,0.04379616438356164,0.22971885271899734
27,67.0,Call,2025-12-16,0.3945205479452054,3.14,CLF26,63.08000183105469,0.04379616438356164,0.2283757523350704
28,67.5,Call,2025-12-16,0.3945205479452054,2.965,CLF26,63.08000183105469,0.04379616438356164,0.22730167676561658
29,68.0,Call,2025-12-16,0.3945205479452054,2.795,CLF26,63.08000183105469,0.04379616438356164,0.22600165029684166
30,68.5,Call,2025-12-16,0.3945205479452054,2.645,CLF26,63.08000183105469,0.04379616438356164,0.22603937891257167
31,69.0,Call,2025-12-16,0.3945205479452054,2.495,CLF26,63.08000183105469,0.04379616438356164,0.22537613906922188
32,69.5,Call,2025-12-16,0.3945205479452054,2.355,CLF26,63.08000183105469,0.04379616438356164,0.22506937552717282
33,70.0,Call,2025-12-16,0.3945205479452054,2.22,CLF26,63.08000183105469,0.04379616438356164,0.22461215133522383
34,70.5,Call,2025-12-16,0.3945205479452054,2.095,CLF26,63.08000183105469,0.04379616438356164,0.22456886965268905
35,71.0,Call,2025-12-16,0.3945205479452054,1.98,CLF26,63.08000183105469,0.04379616438356164,0.2249842321093133
36,71.5,Call,2025-12-16,0.3945205479452054,1.87,CLF26,63.08000183105469,0.04379616438356164,0.2253347340143009
37,72.0,Call,2025-12-16,0.3945205479452054,1.765,CLF26,63.08000183105469,0.04379616438356164,0.22564007858883833
38,72.5,Call,2025-12-16,0.3945205479452054,1.67,CLF26,63.08000183105469,0.04379616438356164,0.22652342139012366
39,73.0,Call,2025-12-16,0.3945205479452054,1.58,CLF26,63.08000183105469,0.04379616438356164,0.22743547976635284
40,53.5,Put,2025-12-16,0.3945205479452054,1.615,CLF26,63.08000183105469,0.04379616438356164,0.3048896250296739
41,54.0,Put,2025-12-16,0.3945205479452054,1.71,CLF26,63.08000183105469,0.04379616438356164,0.29912851939416796
42,54.5,Put,2025-12-16,0.3945205479452054,1.815,CLF26,63.08000183105469,0.04379616438356164,0.2942433310293536
43,55.0,Put,2025-12-16,0.3945205479452054,1.925,CLF26,63.08000183105469,0.04379616438356164,0.28937842496515187
44,55.5,Put,2025-12-16,0.3945205479452054,2.04,CLF26,63.08000183105469,0.04379616438356164,0.28451039906949904
45,56.0,Put,2025-12-16,0.3945205479452054,2.165,CLF26,63.08000183105469,0.04379616438356164,0.28030501438119176
46,56.5,Put,2025-12-16,0.3945205479452054,2.295,CLF26,63.08000183105469,0.04379616438356164,0.27601249271925776
47,57.0,Put,2025-12-16,0.3945205479452054,2.43,CLF26,63.08000183105469,0.04379616438356164,0.27162139940084956
48,57.5,Put,2025-12-16,0.3945205479452054,2.57,CLF26,63.08000183105469,0.04379616438356164,0.2671215610005212
49,58.0,Put,2025-12-16,0.3945205479452054,2.72,CLF26,63.08000183105469,0.04379616438356164,0.26310919495805507
50,58.5,Put,2025-12-16,0.3945205479452054,2.88,CLF26,63.08000183105469,0.04379616438356164,0.2595262160168925
51,59.0,Put,2025-12-16,0.3945205479452054,3.045,CLF26,63.08000183105469,0.04379616438356164,0.2557482423457419
52,59.5,Put,2025-12-16,0.3945205479452054,3.22,CLF26,63.08000183105469,0.04379616438356164,0.25233507357684065
53,60.0,Put,2025-12-16,0.3945205479452054,3.4,CLF26,63.08000183105469,0.04379616438356164,0.24869825398569345
54,60.5,Put,2025-12-16,0.3945205479452054,3.585,CLF26,63.08000183105469,0.04379616438356164,0.24483811672008787
55,61.0,Put,2025-12-16,0.3945205479452054,3.785,CLF26,63.08000183105469,0.04379616438356164,0.24180953589265028
56,61.5,Put,2025-12-16,0.3945205479452054,3.985,CLF26,63.08000183105469,0.04379616438356164,0.2379994966149711
57,62.0,Put,2025-12-16,0.3945205479452054,4.199999999999999,CLF26,63.08000183105469,0.04379616438356164,0.2349676505664722
58,62.5,Put,2025-12-16,0.3945205479452054,4.425000000000001,CLF26,63.08000183105469,0.04379616438356164,0.23216664042616222
59,63.0,Put,2025-12-16,0.3945205479452054,4.654999999999999,CLF26,63.08000183105469,0.04379616438356164,0.22908161617453207
60,63.5,Put,2025-12-16,0.3945205479452054,4.895,CLF26,63.08000183105469,0.04379616438356164,0.22620948799696075
61,64.0,Put,2025-12-16,0.3945205479452054,5.145,CLF26,63.08000183105469,0.04379616438356164,0.22353939450000074
62,64.5,Put,2025-12-16,0.3945205479452054,5.404999999999999,CLF26,63.08000183105469,0.04379616438356164,0.2210641404585707
63,65.0,Put,2025-12-16,0.3945205479452054,5.675000000000001,CLF26,63.08000183105469,0.04379616438356164,0.21878008211757616
64,65.5,Put,2025-12-16,0.3945205479452054,5.955,CLF26,63.08000183105469,0.04379616438356164,0.21668708488994617
65,66.0,Put,2025-12-16,0.3945205479452054,6.255,CLF26,63.08000183105469,0.04379616438356164,0.21576921901077328
66,66.5,Put,2025-12-16,0.3945205479452054,6.54,CLF26,63.08000183105469,0.04379616438356164,0.21259962453216558
67,67.0,Put,2025-12-16,0.3945205479452054,6.85,CLF26,63.08000183105469,0.04379616438356164,0.21111137496929874
68,67.5,Put,2025-12-16,0.3945205479452054,7.165,CLF26,63.08000183105469,0.04379616438356164,0.209349415726078
69,68.0,Put,2025-12-16,0.3945205479452054,7.49,CLF26,63.08000183105469,0.04379616438356164,0.20782123622686208
70,68.5,Put,2025-12-16,0.3945205479452054,7.83,CLF26,63.08000183105469,0.04379616438356164,0.20705938529234608
71,69.0,Put,2025-12-16,0.3945205479452054,8.170000000000002,CLF26,63.08000183105469,0.04379616438356164,0.20555241119012566
72,69.5,Put,2025-12-16,0.3945205479452054,8.530000000000001,CLF26,63.08000183105469,0.04379616438356164,0.20539866992243505
73,70.0,Put,2025-12-16,0.3945205479452054,8.89,CLF26,63.08000183105469,0.04379616438356164,0.20453274849000355
74,70.5,Put,2025-12-16,0.3945205479452054,9.260000000000002,CLF26,63.08000183105469,0.04379616438356164,0.2040367082193702
75,71.0,Put,2025-12-16,0.3945205479452054,9.635,CLF26,63.08000183105469,0.04379616438356164,0.20339178916552733
76,71.5,Put,2025-12-16,0.3945205479452054,10.025,CLF26,63.08000183105469,0.04379616438356164,0.20377377946752104
77,72.0,Put,2025-12-16,0.3945205479452054,10.415,CLF26,63.08000183105469,0.04379616438356164,0.20349803198733263
78,72.5,Put,2025-12-16,0.3945205479452054,10.815,CLF26,63.08000183105469,0.04379616438356164,0.20376650132032298
79,73.0,Put,2025-12-16,0.3945205479452054,11.235,CLF26,63.08000183105469,0.04379616438356164,0.20593382160415413
80,50.0,Call,2026-02-17,0.5671232876712329,14.32,CLH26,62.83000183105469,0.042804657534246573,0.2222992981471479
81,51.0,Call,2026-02-17,0.5671232876712329,13.51,CLH26,62.83000183105469,0.042804657534246573,0.21536948250591992
82,53.5,Call,2026-02-17,0.5671232876712329,11.565,CLH26,62.83000183105469,0.042804657534246573,0.1998293451019535
83,55.0,Call,2026-02-17,0.5671232876712329,10.46,CLH26,62.83000183105469,0.042804657534246573,0.19161068289465158
84,55.5,Call,2026-02-17,0.5671232876712329,10.1,CLH26,62.83000183105469,0.042804657534246573,0.18880335106408574
85,56.0,Call,2026-02-17,0.5671232876712329,9.75,CLH26,62.83000183105469,0.042804657534246573,0.1863935206809106
86,56.5,Call,2026-02-17,0.5671232876712329,9.405,CLH26,62.83000183105469,0.042804657534246573,0.18397455213655461
87,57.0,Call,2026-02-17,0.5671232876712329,9.065,CLH26,62.83000183105469,0.042804657534246573,0.18154035384254805
88,57.5,Call,2026-02-17,0.5671232876712329,8.73,CLH26,62.83000183105469,0.042804657534246573,0.1790855065965003
89,58.0,Call,2026-02-17,0.5671232876712329,8.405,CLH26,62.83000183105469,0.042804657534246573,0.17694367368543074
90,58.5,Call,2026-02-17,0.5671232876712329,8.085,CLH26,62.83000183105469,0.042804657534246573,0.17475626196548627
91,59.0,Call,2026-02-17,0.5671232876712329,7.765,CLH26,62.83000183105469,0.042804657534246573,0.17219717078532376
92,59.5,Call,2026-02-17,0.5671232876712329,7.455,CLH26,62.83000183105469,0.042804657534246573,0.1699181301857554
93,60.0,Call,2026-02-17,0.5671232876712329,7.15,CLH26,62.83000183105469,0.042804657534246573,0.16758620675869626
94,60.5,Call,2026-02-17,0.5671232876712329,6.86,CLH26,62.83000183105469,0.042804657534246573,0.16580945617304838
95,61.0,Call,2026-02-17,0.5671232876712329,6.575,CLH26,62.83000183105469,0.042804657534246573,0.16395531455757842
96,61.5,Call,2026-02-17,0.5671232876712329,6.295,CLH26,62.83000183105469,0.042804657534246573,0.16202407683994904
97,62.0,Call,2026-02-17,0.5671232876712329,6.02,CLH26,62.83000183105469,0.042804657534246573,0.16001587102696363
98,62.5,Call,2026-02-17,0.5671232876712329,5.755,CLH26,62.83000183105469,0.042804657534246573,0.15821888898126046
99,63.0,Call,2026-02-17,0.5671232876712329,5.495,CLH26,62.83000183105469,0.042804657534246573,0.15633800589588773
100,63.5,Call,2026-02-17,0.5671232876712329,5.245,CLH26,62.83000183105469,0.042804657534246573,0.1546561755706286
101,64.0,Call,2026-02-17,0.5671232876712329,5.0,CLH26,62.83000183105469,0.042804657534246573,0.15288630298708517
102,64.5,Call,2026-02-17,0.5671232876712329,4.765000000000001,CLH26,62.83000183105469,0.042804657534246573,0.15130766862804865
103,65.0,Call,2026-02-17,0.5671232876712329,4.54,CLH26,62.83000183105469,0.042804657534246573,0.14991647634569638
104,65.5,Call,2026-02-17,0.5671232876712329,4.32,CLH26,62.83000183105469,0.042804657534246573,0.14843454080158572
105,66.0,Call,2026-02-17,0.5671232876712329,4.109999999999999,CLH26,62.83000183105469,0.042804657534246573,0.1471394892028659
106,66.5,Call,2026-02-17,0.5671232876712329,3.91,CLH26,62.83000183105469,0.042804657534246573,0.1460324317345176
107,67.0,Call,2026-02-17,0.5671232876712329,3.715,CLH26,62.83000183105469,0.042804657534246573,0.14483983271272416
108,67.5,Call,2026-02-17,0.5671232876712329,3.53,CLH26,62.83000183105469,0.042804657534246573,0.14384180154937098
109,68.0,Call,2026-02-17,0.5671232876712329,3.355,CLH26,62.83000183105469,0.042804657534246573,0.14304450840461855
110,68.5,Call,2026-02-17,0.5671232876712329,3.185,CLH26,62.83000183105469,0.042804657534246573,0.14217530002805057
111,69.0,Call,2026-02-17,0.5671232876712329,3.025,CLH26,62.83000183105469,0.042804657534246573,0.1415213141971241
112,69.5,Call,2026-02-17,0.5671232876712329,2.87,CLH26,62.83000183105469,0.042804657534246573,0.14080816665635063
113,70.0,Call,2026-02-17,0.5671232876712329,2.725,CLH26,62.83000183105469,0.042804657534246573,0.14032989916422298
114,70.5,Call,2026-02-17,0.5671232876712329,2.585,CLH26,62.83000183105469,0.042804657534246573,0.13980905033703464
115,71.0,Call,2026-02-17,0.5671232876712329,2.455,CLH26,62.83000183105469,0.042804657534246573,0.13954880010816803
116,71.5,Call,2026-02-17,0.5671232876712329,2.33,CLH26,62.83000183105469,0.042804657534246573,0.1392672853414828
117,72.0,Call,2026-02-17,0.5671232876712329,2.215,CLH26,62.83000183105469,0.042804657534246573,0.13927923333722422
118,72.5,Call,2026-02-17,0.5671232876712329,2.105,CLH26,62.83000183105469,0.042804657534246573,0.13929705496375783
119,73.0,Call,2026-02-17,0.5671232876712329,2.0,CLH26,62.83000183105469,0.042804657534246573,0.13933095226763711
120,53.5,Put,2026-02-17,0.5671232876712329,2.25,CLH26,62.83000183105469,0.042804657534246573,0.19434605694547688
121,54.0,Put,2026-02-17,0.5671232876712329,2.37,CLH26,62.83000183105469,0.042804657534246573,0.1916248809797948
122,54.5,Put,2026-02-17,0.5671232876712329,2.49,CLH26,62.83000183105469,0.042804657534246573,0.18853839775262032
123,55.0,Put,2026-02-17,0.5671232876712329,2.62,CLH26,62.83000183105469,0.042804657534246573,0.1858818525514975
124,55.5,Put,2026-02-17,0.5671232876712329,2.755,CLH26,62.83000183105469,0.042804657534246573,0.18323597594909954
125,56.0,Put,2026-02-17,0.5671232876712329,2.895,CLH26,62.83000183105469,0.042804657534246573,0.18059230913466032
126,56.5,Put,2026-02-17,0.5671232876712329,3.04,CLH26,62.83000183105469,0.042804657534246573,0.1779433053681745
127,57.0,Put,2026-02-17,0.5671232876712329,3.19,CLH26,62.83000183105469,0.042804657534246573,0.1752821976280313
128,57.5,Put,2026-02-17,0.5671232876712329,3.35,CLH26,62.83000183105469,0.042804657534246573,0.17293887394007534
129,58.0,Put,2026-02-17,0.5671232876712329,3.51,CLH26,62.83000183105469,0.042804657534246573,0.1702276870469845
130,58.5,Put,2026-02-17,0.5671232876712329,3.68,CLH26,62.83000183105469,0.042804657534246573,0.16780870839469866
131,59.0,Put,2026-02-17,0.5671232876712329,3.855,CLH26,62.83000183105469,0.042804657534246573,0.16534264168233911
132,59.5,Put,2026-02-17,0.5671232876712329,4.035,CLH26,62.83000183105469,0.042804657534246573,0.16282638529082943
133,60.0,Put,2026-02-17,0.5671232876712329,4.225,CLH26,62.83000183105469,0.042804657534246573,0.1605584904784485
134,60.5,Put,2026-02-17,0.5671232876712329,4.425000000000001,CLH26,62.83000183105469,0.042804657534246573,0.15852004031536718
135,61.0,Put,2026-02-17,0.5671232876712329,4.625,CLH26,62.83000183105469,0.042804657534246573,0.1561114577384897
136,61.5,Put,2026-02-17,0.5671232876712329,4.835,CLH26,62.83000183105469,0.042804657534246573,0.15391982726051745
137,62.0,Put,2026-02-17,0.5671232876712329,5.05,CLH26,62.83000183105469,0.042804657534246573,0.15164782214964573
138,62.5,Put,2026-02-17,0.5671232876712329,5.275,CLH26,62.83000183105469,0.042804657534246573,0.149573986599202
139,63.0,Put,2026-02-17,0.5671232876712329,5.51,CLH26,62.83000183105469,0.042804657534246573,0.14768762750176942
140,63.5,Put,2026-02-17,0.5671232876712329,5.75,CLH26,62.83000183105469,0.042804657534246573,0.14570592801799132
141,64.0,Put,2026-02-17,0.5671232876712329,6.0,CLH26,62.83000183105469,0.042804657534246573,0.1439009915090692
142,64.5,Put,2026-02-17,0.5671232876712329,6.255000000000001,CLH26,62.83000183105469,0.042804657534246573,0.1419964704456191
143,65.0,Put,2026-02-17,0.5671232876712329,6.52,CLH26,62.83000183105469,0.042804657534246573,0.14026168931725835
144,65.5,Put,2026-02-17,0.5671232876712329,6.79,CLH26,62.83000183105469,0.042804657534246573,0.13842493791772034
145,66.0,Put,2026-02-17,0.5671232876712329,7.075,CLH26,62.83000183105469,0.042804657534246573,0.13702262476335253
146,66.5,Put,2026-02-17,0.5671232876712329,7.365,CLH26,62.83000183105469,0.042804657534246573,0.13551778866832828
147,67.0,Put,2026-02-17,0.5671232876712329,7.655,CLH26,62.83000183105469,0.042804657534246573,0.13364239133460473
148,67.5,Put,2026-02-17,0.5671232876712329,7.965,CLH26,62.83000183105469,0.042804657534246573,0.13247398992658463
149,68.0,Put,2026-02-17,0.5671232876712329,8.275,CLH26,62.83000183105469,0.042804657534246573,0.1309381744894573
150,68.5,Put,2026-02-17,0.5671232876712329,8.595,CLH26,62.83000183105469,0.042804657534246573,0.12957798836031584
151,69.0,Put,2026-02-17,0.5671232876712329,8.925,CLH26,62.83000183105469,0.042804657534246573,0.12840064506882534
152,69.5,Put,2026-02-17,0.5671232876712329,9.265,CLH26,62.83000183105469,0.042804657534246573,0.12741593217515826
153,70.0,Put,2026-02-17,0.5671232876712329,9.605,CLH26,62.83000183105469,0.042804657534246573,0.12607076471573642
154,70.5,Put,2026-02-17,0.5671232876712329,9.965,CLH26,62.83000183105469,0.042804657534246573,0.1255030706394614
155,71.0,Put,2026-02-17,0.5671232876712329,10.325,CLH26,62.83000183105469,0.042804657534246573,0.12458972837639784
156,71.5,Put,2026-02-17,0.5671232876712329,10.69,CLH26,62.83000183105469,0.042804657534246573,0.1236176412517272
157,72.0,Put,2026-02-17,0.5671232876712329,11.07,CLH26,62.83000183105469,0.042804657534246573,0.12319667420008434
158,72.5,Put,2026-02-17,0.5671232876712329,11.45,CLH26,62.83000183105469,0.042804657534246573,0.12244207529431829
159,73.0,Put,2026-02-17,0.5671232876712329,11.84,CLH26,62.83000183105469,0.042804657534246573,0.12197401054194477
160,55.5,Call,2025-08-15,0.0575342465753424,9.995,CLU25,65.16000366210938,0.0431427397260274,
161,56.0,Call,2025-08-15,0.0575342465753424,9.505,CLU25,65.16000366210938,0.0431427397260274,
162,56.5,Call,2025-08-15,0.0575342465753424,9.025,CLU25,65.16000366210938,0.0431427397260274,
163,57.0,Call,2025-08-15,0.0575342465753424,8.545,CLU25,65.16000366210938,0.0431427397260274,
164,57.5,Call,2025-08-15,0.0575342465753424,8.07,CLU25,65.16000366210938,0.0431427397260274,
165,58.0,Call,2025-08-15,0.0575342465753424,7.595000000000001,CLU25,65.16000366210938,0.0431427397260274,
166,58.5,Call,2025-08-15,0.0575342465753424,7.125,CLU25,65.16000366210938,0.0431427397260274,
167,59.0,Call,2025-08-15,0.0575342465753424,6.66,CLU25,65.16000366210938,0.0431427397260274,
168,59.5,Call,2025-08-15,0.0575342465753424,6.2,CLU25,65.16000366210938,0.0431427397260274,
169,60.0,Call,2025-08-15,0.0575342465753424,5.75,CLU25,65.16000366210938,0.0431427397260274,
170,60.5,Call,2025-08-15,0.0575342465753424,5.3100000000000005,CLU25,65.16000366210938,0.0431427397260274,
171,61.0,Call,2025-08-15,0.0575342465753424,4.87,CLU25,65.16000366210938,0.0431427397260274,
172,61.5,Call,2025-08-15,0.0575342465753424,4.45,CLU25,65.16000366210938,0.0431427397260274,
173,62.0,Call,2025-08-15,0.0575342465753424,4.045,CLU25,65.16000366210938,0.0431427397260274,4.360759010980859
174,62.5,Call,2025-08-15,0.0575342465753424,3.64,CLU25,65.16000366210938,0.0431427397260274,3.2903450194640214
175,63.0,Call,2025-08-15,0.0575342465753424,3.27,CLU25,65.16000366210938,0.0431427397260274,2.80194176838358
176,63.5,Call,2025-08-15,0.0575342465753424,2.91,CLU25,65.16000366210938,0.0431427397260274,2.449642272982465
177,64.0,Call,2025-08-15,0.0575342465753424,2.58,CLU25,65.16000366210938,0.0431427397260274,2.2287168052186743
178,64.5,Call,2025-08-15,0.0575342465753424,2.275,CLU25,65.16000366210938,0.0431427397260274,2.072624408682912
179,65.0,Call,2025-08-15,0.0575342465753424,2.0,CLU25,65.16000366210938,0.0431427397260274,1.9709239577032074
180,65.5,Call,2025-08-15,0.0575342465753424,1.74,CLU25,65.16000366210938,0.0431427397260274,1.873642233926132
181,66.0,Call,2025-08-15,0.0575342465753424,1.52,CLU25,65.16000366210938,0.0431427397260274,1.8334136715206768
182,66.5,Call,2025-08-15,0.0575342465753424,1.32,CLU25,65.16000366210938,0.0431427397260274,1.7997178546522565
183,67.0,Call,2025-08-15,0.0575342465753424,1.145,CLU25,65.16000366210938,0.0431427397260274,1.7835933892852014
184,67.5,Call,2025-08-15,0.0575342465753424,0.99,CLU25,65.16000366210938,0.0431427397260274,1.774903296280686
185,68.0,Call,2025-08-15,0.0575342465753424,0.86,CLU25,65.16000366210938,0.0431427397260274,1.7878252750800971
186,68.5,Call,2025-08-15,0.0575342465753424,0.75,CLU25,65.16000366210938,0.0431427397260274,1.8150434384518066
187,69.0,Call,2025-08-15,0.0575342465753424,0.65,CLU25,65.16000366210938,0.0431427397260274,1.8352303101328158
188,69.5,Call,2025-08-15,0.0575342465753424,0.5700000000000001,CLU25,65.16000366210938,0.0431427397260274,1.8789887487733403
189,70.0,Call,2025-08-15,0.0575342465753424,0.505,CLU25,65.16000366210938,0.0431427397260274,1.93973399770616
190,70.5,Call,2025-08-15,0.0575342465753424,0.45,CLU25,65.16000366210938,0.0431427397260274,2.0083891240650695
191,71.0,Call,2025-08-15,0.0575342465753424,0.4,CLU25,65.16000366210938,0.0431427397260274,2.0719591947512095
192,71.5,Call,2025-08-15,0.0575342465753424,0.36,CLU25,65.16000366210938,0.0431427397260274,2.152150186804242
193,72.0,Call,2025-08-15,0.0575342465753424,0.325,CLU25,65.16000366210938,0.0431427397260274,2.234707150823088
194,72.5,Call,2025-08-15,0.0575342465753424,0.295,CLU25,65.16000366210938,0.0431427397260274,2.322837144500742
195,73.0,Call,2025-08-15,0.0575342465753424,0.27,CLU25,65.16000366210938,0.0431427397260274,2.420426567739052
196,73.5,Call,2025-08-15,0.0575342465753424,0.245,CLU25,65.16000366210938,0.0431427397260274,2.503895520778846
197,74.0,Call,2025-08-15,0.0575342465753424,0.2299999999999999,CLU25,65.16000366210938,0.0431427397260274,2.6326859566521645
198,74.5,Call,2025-08-15,0.0575342465753424,0.21,CLU25,65.16000366210938,0.0431427397260274,2.7205647272369684
199,75.0,Call,2025-08-15,0.0575342465753424,0.2,CLU25,65.16000366210938,0.0431427397260274,2.8662638419470863
200,55.5,Put,2025-08-15,0.0575342465753424,0.135,CLU25,65.16000366210938,0.0431427397260274,3.1704166582804456
201,56.0,Put,2025-08-15,0.0575342465753424,0.15,CLU25,65.16000366210938,0.0431427397260274,3.0205289113727662
202,56.5,Put,2025-08-15,0.0575342465753424,0.1699999999999999,CLU25,65.16000366210938,0.0431427397260274,2.9010669286155397
203,57.0,Put,2025-08-15,0.0575342465753424,0.19,CLU25,65.16000366210938,0.0431427397260274,2.7633189875540753
204,57.5,Put,2025-08-15,0.0575342465753424,0.21,CLU25,65.16000366210938,0.0431427397260274,2.6114034701804667
205,58.0,Put,2025-08-15,0.0575342465753424,0.235,CLU25,65.16000366210938,0.0431427397260274,2.4788366926236254
206,58.5,Put,2025-08-15,0.0575342465753424,0.265,CLU25,65.16000366210938,0.0431427397260274,2.358628817297774
207,59.0,Put,2025-08-15,0.0575342465753424,0.3,CLU25,65.16000366210938,0.0431427397260274,2.245439992172369
208,59.5,Put,2025-08-15,0.0575342465753424,0.3399999999999999,CLU25,65.16000366210938,0.0431427397260274,2.1352790252522764
209,60.0,Put,2025-08-15,0.0575342465753424,0.385,CLU25,65.16000366210938,0.0431427397260274,2.0252110750452856
210,60.5,Put,2025-08-15,0.0575342465753424,0.44,CLU25,65.16000366210938,0.0431427397260274,1.9302747289686366
211,61.0,Put,2025-08-15,0.0575342465753424,0.51,CLU25,65.16000366210938,0.0431427397260274,1.859300533069327
212,61.5,Put,2025-08-15,0.0575342465753424,0.58,CLU25,65.16000366210938,0.0431427397260274,1.760727001333424
213,62.0,Put,2025-08-15,0.0575342465753424,0.675,CLU25,65.16000366210938,0.0431427397260274,1.7031184947769669
214,62.5,Put,2025-08-15,0.0575342465753424,0.78,CLU25,65.16000366210938,0.0431427397260274,1.6382530098738504
215,63.0,Put,2025-08-15,0.0575342465753424,0.91,CLU25,65.16000366210938,0.0431427397260274,1.5979967878759092
216,63.5,Put,2025-08-15,0.0575342465753424,1.0550000000000002,CLU25,65.16000366210938,0.0431427397260274,1.5541788051037733
217,64.0,Put,2025-08-15,0.0575342465753424,1.22,CLU25,65.16000366210938,0.0431427397260274,1.5149194218082565
218,64.5,Put,2025-08-15,0.0575342465753424,1.415,CLU25,65.16000366210938,0.0431427397260274,1.4972769243016437
219,65.0,Put,2025-08-15,0.0575342465753424,1.635,CLU25,65.16000366210938,0.0431427397260274,1.4889437652821644
220,65.5,Put,2025-08-15,0.0575342465753424,1.885,CLU25,65.16000366210938,0.0431427397260274,1.4997737405693696
221,66.0,Put,2025-08-15,0.0575342465753424,2.155,CLU25,65.16000366210938,0.0431427397260274,1.5110250180797458
222,66.5,Put,2025-08-15,0.0575342465753424,2.45,CLU25,65.16000366210938,0.0431427397260274,1.5357107219021606
223,67.0,Put,2025-08-15,0.0575342465753424,2.775,CLU25,65.16000366210938,0.0431427397260274,1.5920038347931793
224,67.5,Put,2025-08-15,0.0575342465753424,3.125,CLU25,65.16000366210938,0.0431427397260274,1.6810115620242505
225,68.0,Put,2025-08-15,0.0575342465753424,3.49,CLU25,65.16000366210938,0.0431427397260274,1.7905440704902422
226,68.5,Put,2025-08-15,0.0575342465753424,3.88,CLU25,65.16000366210938,0.0431427397260274,1.9789592830611826
227,69.0,Put,2025-08-15,0.0575342465753424,4.28,CLU25,65.16000366210938,0.0431427397260274,2.2386015160491235
228,69.5,Put,2025-08-15,0.0575342465753424,4.7,CLU25,65.16000366210938,0.0431427397260274,2.7299815609016607
229,70.0,Put,2025-08-15,0.0575342465753424,5.13,CLU25,65.16000366210938,0.0431427397260274,3.89992215573532
230,70.5,Put,2025-08-15,0.0575342465753424,5.57,CLU25,65.16000366210938,0.0431427397260274,
231,71.0,Put,2025-08-15,0.0575342465753424,6.025,CLU25,65.16000366210938,0.0431427397260274,
232,71.5,Put,2025-08-15,0.0575342465753424,6.484999999999999,CLU25,65.16000366210938,0.0431427397260274,
233,72.0,Put,2025-08-15,0.0575342465753424,6.95,CLU25,65.16000366210938,0.0431427397260274,
234,72.5,Put,2025-08-15,0.0575342465753424,7.42,CLU25,65.16000366210938,0.0431427397260274,
235,73.0,Put,2025-08-15,0.0575342465753424,7.890000000000001,CLU25,65.16000366210938,0.0431427397260274,
236,73.5,Put,2025-08-15,0.0575342465753424,8.370000000000001,CLU25,65.16000366210938,0.0431427397260274,
237,74.0,Put,2025-08-15,0.0575342465753424,8.850000000000001,CLU25,65.16000366210938,0.0431427397260274,
238,74.5,Put,2025-08-15,0.0575342465753424,9.33,CLU25,65.16000366210938,0.0431427397260274,0.02482098493104586
239,75.0,Put,2025-08-15,0.0575342465753424,9.815,CLU25,65.16000366210938,0.0431427397260274,0.058955717375249315
240,55.0,Call,2025-09-17,0.147945205479452,10.0,CLV25,64.33999633789062,0.0446,1.9213667432626198
241,55.5,Call,2025-09-17,0.147945205479452,9.55,CLV25,64.33999633789062,0.0446,1.692919396502282
242,56.0,Call,2025-09-17,0.147945205479452,9.1,CLV25,64.33999633789062,0.0446,1.509062054113163
243,56.5,Call,2025-09-17,0.147945205479452,8.66,CLV25,64.33999633789062,0.0446,1.3700777214650386
244,57.0,Call,2025-09-17,0.147945205479452,8.23,CLV25,64.33999633789062,0.0446,1.262061892829722
245,57.5,Call,2025-09-17,0.147945205479452,7.800000000000001,CLV25,64.33999633789062,0.0446,1.1647873249892804
246,58.0,Call,2025-09-17,0.147945205479452,7.375,CLV25,64.33999633789062,0.0446,1.0808855312476968
247,58.5,Call,2025-09-17,0.147945205479452,6.965,CLV25,64.33999633789062,0.0446,1.0162653966418569
248,59.0,Call,2025-09-17,0.147945205479452,6.565,CLV25,64.33999633789062,0.0446,0.9618721849168754
249,59.5,Call,2025-09-17,0.147945205479452,6.165,CLV25,64.33999633789062,0.0446,0.9075083716146329
250,60.0,Call,2025-09-17,0.147945205479452,5.77,CLV25,64.33999633789062,0.0446,0.8566701181302854
251,60.5,Call,2025-09-17,0.147945205479452,5.4,CLV25,64.33999633789062,0.0446,0.8216115509483354
252,61.0,Call,2025-09-17,0.147945205479452,5.045,CLV25,64.33999633789062,0.0446,0.792860751928274
253,61.5,Call,2025-09-17,0.147945205479452,4.7,CLV25,64.33999633789062,0.0446,0.7661523849133407
254,62.0,Call,2025-09-17,0.147945205479452,4.365,CLV25,64.33999633789062,0.0446,0.7409089701608381
255,62.5,Call,2025-09-17,0.147945205479452,4.05,CLV25,64.33999633789062,0.0446,0.721941340058373
256,63.0,Call,2025-09-17,0.147945205479452,3.75,CLV25,64.33999633789062,0.0446,0.705702363611825
257,63.5,Call,2025-09-17,0.147945205479452,3.465,CLV25,64.33999633789062,0.0446,0.6917146742448779
258,64.0,Call,2025-09-17,0.147945205479452,3.1950000000000003,CLV25,64.33999633789062,0.0446,0.6796255371565753
259,64.5,Call,2025-09-17,0.147945205479452,2.9450000000000003,CLV25,64.33999633789062,0.0446,0.6715443058665713
260,65.0,Call,2025-09-17,0.147945205479452,2.71,CLV25,64.33999633789062,0.0446,0.6648859929413146
261,65.5,Call,2025-09-17,0.147945205479452,2.49,CLV25,64.33999633789062,0.0446,0.6595987970533579
262,66.0,Call,2025-09-17,0.147945205479452,2.28,CLV25,64.33999633789062,0.0446,0.6533718219690469
263,66.5,Call,2025-09-17,0.147945205479452,2.095,CLV25,64.33999633789062,0.0446,0.6532558821348822
264,67.0,Call,2025-09-17,0.147945205479452,1.92,CLV25,64.33999633789062,0.0446,0.652421198584565
265,67.5,Call,2025-09-17,0.147945205479452,1.76,CLV25,64.33999633789062,0.0446,0.6534065446135378
266,68.0,Call,2025-09-17,0.147945205479452,1.61,CLV25,64.33999633789062,0.0446,0.6540408467079512
267,68.5,Call,2025-09-17,0.147945205479452,1.475,CLV25,64.33999633789062,0.0446,0.657034676048572
268,69.0,Call,2025-09-17,0.147945205479452,1.355,CLV25,64.33999633789062,0.0446,0.6628267175321864
269,69.5,Call,2025-09-17,0.147945205479452,1.245,CLV25,64.33999633789062,0.0446,0.6692675353989044
270,70.0,Call,2025-09-17,0.147945205479452,1.145,CLV25,64.33999633789062,0.0446,0.6767151153887899
271,70.5,Call,2025-09-17,0.147945205479452,1.0550000000000002,CLV25,64.33999633789062,0.0446,0.6855857092367074
272,71.0,Call,2025-09-17,0.147945205479452,0.975,CLV25,64.33999633789062,0.0446,0.6963649911667454
273,71.5,Call,2025-09-17,0.147945205479452,0.9,CLV25,64.33999633789062,0.0446,0.7064261657775573
274,72.0,Call,2025-09-17,0.147945205479452,0.835,CLV25,64.33999633789062,0.0446,0.7193078828454457
275,72.5,Call,2025-09-17,0.147945205479452,0.775,CLV25,64.33999633789062,0.0446,0.7322130113405563
276,73.0,Call,2025-09-17,0.147945205479452,0.715,CLV25,64.33999633789062,0.0446,0.7417367793811278
277,73.5,Call,2025-09-17,0.147945205479452,0.67,CLV25,64.33999633789062,0.0446,0.7592686336014505
278,74.0,Call,2025-09-17,0.147945205479452,0.63,CLV25,64.33999633789062,0.0446,0.778189144126063
279,74.5,Call,2025-09-17,0.147945205479452,0.59,CLV25,64.33999633789062,0.0446,0.7946488008123882
280,55.0,Put,2025-09-17,0.147945205479452,0.515,CLV25,64.33999633789062,0.0446,0.883026941566906
281,55.5,Put,2025-09-17,0.147945205479452,0.56,CLV25,64.33999633789062,0.0446,0.8546461760224325
282,56.0,Put,2025-09-17,0.147945205479452,0.61,CLV25,64.33999633789062,0.0446,0.8277709189878609
283,56.5,Put,2025-09-17,0.147945205479452,0.67,CLV25,64.33999633789062,0.0446,0.8062253781126567
284,57.0,Put,2025-09-17,0.147945205479452,0.73,CLV25,64.33999633789062,0.0446,0.7806182826754645
285,57.5,Put,2025-09-17,0.147945205479452,0.8,CLV25,64.33999633789062,0.0446,0.7590440091118157
286,58.0,Put,2025-09-17,0.147945205479452,0.875,CLV25,64.33999633789062,0.0446,0.736957202665896
287,58.5,Put,2025-09-17,0.147945205479452,0.96,CLV25,64.33999633789062,0.0446,0.7175099062748371
288,59.0,Put,2025-09-17,0.147945205479452,1.0550000000000002,CLV25,64.33999633789062,0.0446,0.6999757850437824
289,59.5,Put,2025-09-17,0.147945205479452,1.16,CLV25,64.33999633789062,0.0446,0.6837668633475406
290,60.0,Put,2025-09-17,0.147945205479452,1.275,CLV25,64.33999633789062,0.0446,0.6684071674807128
291,60.5,Put,2025-09-17,0.147945205479452,1.4,CLV25,64.33999633789062,0.0446,0.6535098932043101
292,61.0,Put,2025-09-17,0.147945205479452,1.535,CLV25,64.33999633789062,0.0446,0.6387581912095014
293,61.5,Put,2025-09-17,0.147945205479452,1.69,CLV25,64.33999633789062,0.0446,0.6287940817532004
294,62.0,Put,2025-09-17,0.147945205479452,1.855,CLV25,64.33999633789062,0.0446,0.6181409071037296
295,62.5,Put,2025-09-17,0.147945205479452,2.035,CLV25,64.33999633789062,0.0446,0.6089791980050406
296,63.0,Put,2025-09-17,0.147945205479452,2.2350000000000003,CLV25,64.33999633789062,0.0446,0.6032844144903216
297,63.5,Put,2025-09-17,0.147945205479452,2.4450000000000003,CLV25,64.33999633789062,0.0446,0.59629638512698
298,64.0,Put,2025-09-17,0.147945205479452,2.67,CLV25,64.33999633789062,0.0446,0.5901832032654578
299,64.5,Put,2025-09-17,0.147945205479452,2.91,CLV25,64.33999633789062,0.0446,0.5848601790718128
300,65.0,Put,2025-09-17,0.147945205479452,3.175,CLV25,64.33999633789062,0.0446,0.5846787889082014
301,65.5,Put,2025-09-17,0.147945205479452,3.4450000000000003,CLV25,64.33999633789062,0.0446,0.5809200747723307
302,66.0,Put,2025-09-17,0.147945205479452,3.745,CLV25,64.33999633789062,0.0446,0.5847788698389702
303,66.5,Put,2025-09-17,0.147945205479452,4.05,CLV25,64.33999633789062,0.0446,0.5853340453261084
304,67.0,Put,2025-09-17,0.147945205479452,4.375,CLV25,64.33999633789062,0.0446,0.5896364499337122
305,67.5,Put,2025-09-17,0.147945205479452,4.71,CLV25,64.33999633789062,0.0446,0.5933655223085486
306,68.0,Put,2025-09-17,0.147945205479452,5.06,CLV25,64.33999633789062,0.0446,0.5992749849503758
307,68.5,Put,2025-09-17,0.147945205479452,5.425,CLV25,64.33999633789062,0.0446,0.6079520995741451
308,69.0,Put,2025-09-17,0.147945205479452,5.8,CLV25,64.33999633789062,0.0446,0.6173326656420712
309,69.5,Put,2025-09-17,0.147945205479452,6.19,CLV25,64.33999633789062,0.0446,0.6308847208529692
310,70.0,Put,2025-09-17,0.147945205479452,6.59,CLV25,64.33999633789062,0.0446,0.6465907815141646
311,70.5,Put,2025-09-17,0.147945205479452,6.995,CLV25,64.33999633789062,0.0446,0.6618554217383722
312,71.0,Put,2025-09-17,0.147945205479452,7.415,CLV25,64.33999633789062,0.0446,0.6843019469788514
313,71.5,Put,2025-09-17,0.147945205479452,7.835,CLV25,64.33999633789062,0.0446,0.7040942489819889
314,72.0,Put,2025-09-17,0.147945205479452,8.27,CLV25,64.33999633789062,0.0446,0.7338106470002925
315,72.5,Put,2025-09-17,0.147945205479452,8.71,CLV25,64.33999633789062,0.0446,0.7670393462899429
316,73.0,Put,2025-09-17,0.147945205479452,9.155,CLV25,64.33999633789062,0.0446,0.804973848861849
317,73.5,Put,2025-09-17,0.147945205479452,9.605,CLV25,64.33999633789062,0.0446,0.8491404313050123
318,74.0,Put,2025-09-17,0.147945205479452,10.06,CLV25,64.33999633789062,0.0446,0.9015086550276191
319,74.5,Put,2025-09-17,0.147945205479452,10.52,CLV25,64.33999633789062,0.0446,0.9646466951205785
320,54.0,Call,2025-10-16,0.2273972602739726,10.7,CLX25,63.75,0.04430849315068493,0.7671017232200257
321,54.5,Call,2025-10-16,0.2273972602739726,10.27,CLX25,63.75,0.04430849315068493,0.730792204728489
322,55.0,Call,2025-10-16,0.2273972602739726,9.84,CLX25,63.75,0.04430849315068493,0.6954367445826054
323,55.5,Call,2025-10-16,0.2273972602739726,9.42,CLX25,63.75,0.04430849315068493,0.6659021895992244
324,56.0,Call,2025-10-16,0.2273972602739726,9.01,CLX25,63.75,0.04430849315068493,0.6410546182301864
325,56.5,Call,2025-10-16,0.2273972602739726,8.6,CLX25,63.75,0.04430849315068493,0.6156232194611971
326,57.0,Call,2025-10-16,0.2273972602739726,8.2,CLX25,63.75,0.04430849315068493,0.5937761751440601
327,57.5,Call,2025-10-16,0.2273972602739726,7.81,CLX25,63.75,0.04430849315068493,0.5748393544025662
328,58.0,Call,2025-10-16,0.2273972602739726,7.43,CLX25,63.75,0.04430849315068493,0.5582674318550589
329,58.5,Call,2025-10-16,0.2273972602739726,7.05,CLX25,63.75,0.04430849315068493,0.5401654250876569
330,59.0,Call,2025-10-16,0.2273972602739726,6.69,CLX25,63.75,0.04430849315068493,0.5272435466924428
331,59.5,Call,2025-10-16,0.2273972602739726,6.33,CLX25,63.75,0.04430849315068493,0.5124387315162706
332,60.0,Call,2025-10-16,0.2273972602739726,5.98,CLX25,63.75,0.04430849315068493,0.4989129338450858
333,60.5,Call,2025-10-16,0.2273972602739726,5.65,CLX25,63.75,0.04430849315068493,0.4893025407496788
334,61.0,Call,2025-10-16,0.2273972602739726,5.325,CLX25,63.75,0.04430849315068493,0.47893660924727166
335,61.5,Call,2025-10-16,0.2273972602739726,5.01,CLX25,63.75,0.04430849315068493,0.4691657345722907
336,62.0,Call,2025-10-16,0.2273972602739726,4.71,CLX25,63.75,0.04430849315068493,0.46117342719741783
337,62.5,Call,2025-10-16,0.2273972602739726,4.42,CLX25,63.75,0.04430849315068493,0.45348634857796666
338,63.0,Call,2025-10-16,0.2273972602739726,4.145,CLX25,63.75,0.04430849315068493,0.4472818070737018
339,63.5,Call,2025-10-16,0.2273972602739726,3.88,CLX25,63.75,0.04430849315068493,0.4412104286102678
340,64.0,Call,2025-10-16,0.2273972602739726,3.63,CLX25,63.75,0.04430849315068493,0.436448411671023
341,64.5,Call,2025-10-16,0.2273972602739726,3.39,CLX25,63.75,0.04430849315068493,0.4317341245927666
342,65.0,Call,2025-10-16,0.2273972602739726,3.16,CLX25,63.75,0.04430849315068493,0.42706013433597145
343,65.5,Call,2025-10-16,0.2273972602739726,2.955,CLX25,63.75,0.04430849315068493,0.42599623289393207
344,66.0,Call,2025-10-16,0.2273972602739726,2.755,CLX25,63.75,0.04430849315068493,0.42379169573680675
345,66.5,Call,2025-10-16,0.2273972602739726,2.565,CLX25,63.75,0.04430849315068493,0.42167240310184523
346,67.0,Call,2025-10-16,0.2273972602739726,2.39,CLX25,63.75,0.04430849315068493,0.4208914116648937
347,67.5,Call,2025-10-16,0.2273972602739726,2.23,CLX25,63.75,0.04430849315068493,0.42154300652661664
348,68.0,Call,2025-10-16,0.2273972602739726,2.07,CLX25,63.75,0.04430849315068493,0.42000731410221714
349,68.5,Call,2025-10-16,0.2273972602739726,1.93,CLX25,63.75,0.04430849315068493,0.42132601479689147
350,69.0,Call,2025-10-16,0.2273972602739726,1.8,CLX25,63.75,0.04430849315068493,0.4231477071848067
351,69.5,Call,2025-10-16,0.2273972602739726,1.68,CLX25,63.75,0.04430849315068493,0.425595129929815
352,70.0,Call,2025-10-16,0.2273972602739726,1.57,CLX25,63.75,0.04430849315068493,0.4288099294905616
353,70.5,Call,2025-10-16,0.2273972602739726,1.47,CLX25,63.75,0.04430849315068493,0.4329553306131837
354,71.0,Call,2025-10-16,0.2273972602739726,1.37,CLX25,63.75,0.04430849315068493,0.4353054185895808
355,71.5,Call,2025-10-16,0.2273972602739726,1.29,CLX25,63.75,0.04430849315068493,0.4418005401782601
356,72.0,Call,2025-10-16,0.2273972602739726,1.205,CLX25,63.75,0.04430849315068493,0.4451858136907679
357,72.5,Call,2025-10-16,0.2273972602739726,1.125,CLX25,63.75,0.04430849315068493,0.44845360016948715
358,73.0,Call,2025-10-16,0.2273972602739726,1.0550000000000002,CLX25,63.75,0.04430849315068493,0.4533628288037385
359,73.5,Call,2025-10-16,0.2273972602739726,0.995,CLX25,63.75,0.04430849315068493,0.46020263100047726
360,54.0,Put,2025-10-16,0.2273972602739726,0.85,CLX25,63.75,0.04430849315068493,0.5608394494022394
361,54.5,Put,2025-10-16,0.2273972602739726,0.91,CLX25,63.75,0.04430849315068493,0.5452844678259458
362,55.0,Put,2025-10-16,0.2273972602739726,0.98,CLX25,63.75,0.04430849315068493,0.5324763407761652
363,55.5,Put,2025-10-16,0.2273972602739726,1.06,CLX25,63.75,0.04430849315068493,0.5218986943254129
364,56.0,Put,2025-10-16,0.2273972602739726,1.145,CLX25,63.75,0.04430849315068493,0.5112226829971327
365,56.5,Put,2025-10-16,0.2273972602739726,1.235,CLX25,63.75,0.04430849315068493,0.5003697263082141
366,57.0,Put,2025-10-16,0.2273972602739726,1.3250000000000002,CLX25,63.75,0.04430849315068493,0.4875616408104565
367,57.5,Put,2025-10-16,0.2273972602739726,1.435,CLX25,63.75,0.04430849315068493,0.47951448407022895
368,58.0,Put,2025-10-16,0.2273972602739726,1.545,CLX25,63.75,0.04430849315068493,0.46926222400768686
369,58.5,Put,2025-10-16,0.2273972602739726,1.665,CLX25,63.75,0.04430849315068493,0.4599881874382366
370,59.0,Put,2025-10-16,0.2273972602739726,1.795,CLX25,63.75,0.04430849315068493,0.4514887387797511
371,59.5,Put,2025-10-16,0.2273972602739726,1.935,CLX25,63.75,0.04430849315068493,0.44359395721909733
372,60.0,Put,2025-10-16,0.2273972602739726,2.09,CLX25,63.75,0.04430849315068493,0.43750098426454453
373,60.5,Put,2025-10-16,0.2273972602739726,2.25,CLX25,63.75,0.04430849315068493,0.4303724391058292
374,61.0,Put,2025-10-16,0.2273972602739726,2.42,CLX25,63.75,0.04430849315068493,0.4234946945138234
375,61.5,Put,2025-10-16,0.2273972602739726,2.605,CLX25,63.75,0.04430849315068493,0.41801561946896176
376,62.0,Put,2025-10-16,0.2273972602739726,2.8,CLX25,63.75,0.04430849315068493,0.4125809907216286
377,62.5,Put,2025-10-16,0.2273972602739726,3.01,CLX25,63.75,0.04430849315068493,0.4083292560564932
378,63.0,Put,2025-10-16,0.2273972602739726,3.225,CLX25,63.75,0.04430849315068493,0.40283293257012576
379,63.5,Put,2025-10-16,0.2273972602739726,3.46,CLX25,63.75,0.04430849315068493,0.3995786551779689
380,64.0,Put,2025-10-16,0.2273972602739726,3.7,CLX25,63.75,0.04430849315068493,0.3950427065376639
381,64.5,Put,2025-10-16,0.2273972602739726,3.96,CLX25,63.75,0.04430849315068493,0.3926732189222548
382,65.0,Put,2025-10-16,0.2273972602739726,4.234999999999999,CLX25,63.75,0.04430849315068493,0.3913216436099106
383,65.5,Put,2025-10-16,0.2273972602739726,4.515000000000001,CLX25,63.75,0.04430849315068493,0.3887116097740675
384,66.0,Put,2025-10-16,0.2273972602739726,4.815,CLX25,63.75,0.04430849315068493,0.3883464465098549
385,66.5,Put,2025-10-16,0.2273972602739726,5.125,CLX25,63.75,0.04430849315068493,0.3879788164948454
386,67.0,Put,2025-10-16,0.2273972602739726,5.445,CLX25,63.75,0.04430849315068493,0.38766649455353874
387,67.5,Put,2025-10-16,0.2273972602739726,5.78,CLX25,63.75,0.04430849315068493,0.3887079228607347
388,68.0,Put,2025-10-16,0.2273972602739726,6.12,CLX25,63.75,0.04430849315068493,0.38874897696411775
389,68.5,Put,2025-10-16,0.2273972602739726,6.48,CLX25,63.75,0.04430849315068493,0.3916857715915654
390,69.0,Put,2025-10-16,0.2273972602739726,6.84,CLX25,63.75,0.04430849315068493,0.392516714461678
391,69.5,Put,2025-10-16,0.2273972602739726,7.22,CLX25,63.75,0.04430849315068493,0.3966784900776545
392,70.0,Put,2025-10-16,0.2273972602739726,7.6,CLX25,63.75,0.04430849315068493,0.39888386399363773
393,70.5,Put,2025-10-16,0.2273972602739726,7.994999999999999,CLX25,63.75,0.04430849315068493,0.4035128598544127
394,71.0,Put,2025-10-16,0.2273972602739726,8.399999999999999,CLX25,63.75,0.04430849315068493,0.409430746675631
395,71.5,Put,2025-10-16,0.2273972602739726,8.809999999999999,CLX25,63.75,0.04430849315068493,0.4152918997581575
396,72.0,Put,2025-10-16,0.2273972602739726,9.22,CLX25,63.75,0.04430849315068493,0.4194760843518487
397,72.5,Put,2025-10-16,0.2273972602739726,9.645,CLX25,63.75,0.04430849315068493,0.42729598463198004
398,73.0,Put,2025-10-16,0.2273972602739726,10.075,CLX25,63.75,0.04430849315068493,0.4356285855809855
399,73.5,Put,2025-10-16,0.2273972602739726,10.505,CLX25,63.75,0.04430849315068493,0.4426429460768396
400,53.5,Call,2025-11-17,0.3150684931506849,11.12,CLZ25,63.31999969482422,0.044199999999999996,0.4623970487540155
401,54.0,Call,2025-11-17,0.3150684931506849,10.71,CLZ25,63.31999969482422,0.044199999999999996,0.4496001378954113
402,54.5,Call,2025-11-17,0.3150684931506849,10.3,CLZ25,63.31999969482422,0.044199999999999996,0.4361950995719519
403,55.0,Call,2025-11-17,0.3150684931506849,9.9,CLZ25,63.31999969482422,0.044199999999999996,0.4247824379157035
404,55.5,Call,2025-11-17,0.3150684931506849,9.51,CLZ25,63.31999969482422,0.044199999999999996,0.4150428839061013
405,56.0,Call,2025-11-17,0.3150684931506849,9.12,CLZ25,63.31999969482422,0.044199999999999996,0.40441647449894674
406,56.5,Call,2025-11-17,0.3150684931506849,8.74,CLZ25,63.31999969482422,0.044199999999999996,0.3951794529511237
407,57.0,Call,2025-11-17,0.3150684931506849,8.365,CLZ25,63.31999969482422,0.044199999999999996,0.38607059937797966
408,57.5,Call,2025-11-17,0.3150684931506849,8.0,CLZ25,63.31999969482422,0.044199999999999996,0.37804310979992006
409,58.0,Call,2025-11-17,0.3150684931506849,7.645,CLZ25,63.31999969482422,0.044199999999999996,0.3709351852906921
410,58.5,Call,2025-11-17,0.3150684931506849,7.295,CLZ25,63.31999969482422,0.044199999999999996,0.3636808048035021
411,59.0,Call,2025-11-17,0.3150684931506849,6.955,CLZ25,63.31999969482422,0.044199999999999996,0.3571604145182749
412,59.5,Call,2025-11-17,0.3150684931506849,6.615,CLZ25,63.31999969482422,0.044199999999999996,0.34953117509796755
413,60.0,Call,2025-11-17,0.3150684931506849,6.295,CLZ25,63.31999969482422,0.044199999999999996,0.34423453669307663
414,60.5,Call,2025-11-17,0.3150684931506849,5.975,CLZ25,63.31999969482422,0.044199999999999996,0.33776295532031747
415,61.0,Call,2025-11-17,0.3150684931506849,5.675,CLZ25,63.31999969482422,0.044199999999999996,0.3333778381186996
416,61.5,Call,2025-11-17,0.3150684931506849,5.38,CLZ25,63.31999969482422,0.044199999999999996,0.32856367843517587
417,62.0,Call,2025-11-17,0.3150684931506849,5.09,CLZ25,63.31999969482422,0.044199999999999996,0.32332809259856776
418,62.5,Call,2025-11-17,0.3150684931506849,4.815,CLZ25,63.31999969482422,0.044199999999999996,0.31917995515411207
419,63.0,Call,2025-11-17,0.3150684931506849,4.55,CLZ25,63.31999969482422,0.044199999999999996,0.3153080138230441
420,63.5,Call,2025-11-17,0.3150684931506849,4.295,CLZ25,63.31999969482422,0.044199999999999996,0.31168963802101124
421,64.0,Call,2025-11-17,0.3150684931506849,4.045,CLZ25,63.31999969482422,0.044199999999999996,0.30758296293850884
422,64.5,Call,2025-11-17,0.3150684931506849,3.815,CLZ25,63.31999969482422,0.044199999999999996,0.3051533638729127
423,65.0,Call,2025-11-17,0.3150684931506849,3.595,CLZ25,63.31999969482422,0.044199999999999996,0.3029371466914466
424,65.5,Call,2025-11-17,0.3150684931506849,3.38,CLZ25,63.31999969482422,0.044199999999999996,0.3002221978848503
425,66.0,Call,2025-11-17,0.3150684931506849,3.18,CLZ25,63.31999969482422,0.044199999999999996,0.2984522424796793
426,66.5,Call,2025-11-17,0.3150684931506849,2.99,CLZ25,63.31999969482422,0.044199999999999996,0.29692487841222126
427,67.0,Call,2025-11-17,0.3150684931506849,2.81,CLZ25,63.31999969482422,0.044199999999999996,0.2956610590758575
428,67.5,Call,2025-11-17,0.3150684931506849,2.64,CLZ25,63.31999969482422,0.044199999999999996,0.2946875694752338
429,68.0,Call,2025-11-17,0.3150684931506849,2.48,CLZ25,63.31999969482422,0.044199999999999996,0.294037516125169
430,68.5,Call,2025-11-17,0.3150684931506849,2.325,CLZ25,63.31999969482422,0.044199999999999996,0.29299972821153236
431,69.0,Call,2025-11-17,0.3150684931506849,2.185,CLZ25,63.31999969482422,0.044199999999999996,0.29311187237253267
432,69.5,Call,2025-11-17,0.3150684931506849,2.055,CLZ25,63.31999969482422,0.044199999999999996,0.29368928048449244
433,70.0,Call,2025-11-17,0.3150684931506849,1.93,CLZ25,63.31999969482422,0.044199999999999996,0.29400368155406864
434,70.5,Call,2025-11-17,0.3150684931506849,1.815,CLZ25,63.31999969482422,0.044199999999999996,0.2948881788794253
435,71.0,Call,2025-11-17,0.3150684931506849,1.705,CLZ25,63.31999969482422,0.044199999999999996,0.29559269307576685
436,71.5,Call,2025-11-17,0.3150684931506849,1.61,CLZ25,63.31999969482422,0.044199999999999996,0.2978494794003473
437,72.0,Call,2025-11-17,0.3150684931506849,1.515,CLZ25,63.31999969482422,0.044199999999999996,0.29920136802465636
438,72.5,Call,2025-11-17,0.3150684931506849,1.4249999999999998,CLZ25,63.31999969482422,0.044199999999999996,0.30051689485362787
439,73.0,Call,2025-11-17,0.3150684931506849,1.3450000000000002,CLZ25,63.31999969482422,0.044199999999999996,0.3027640867867767
440,53.5,Put,2025-11-17,0.3150684931506849,1.23,CLZ25,63.31999969482422,0.044199999999999996,0.39255943503407414
441,54.0,Put,2025-11-17,0.3150684931506849,1.31,CLZ25,63.31999969482422,0.044199999999999996,0.3842173096703413
442,54.5,Put,2025-11-17,0.3150684931506849,1.4,CLZ25,63.31999969482422,0.044199999999999996,0.3772450939896546
443,55.0,Put,2025-11-17,0.3150684931506849,1.495,CLZ25,63.31999969482422,0.044199999999999996,0.3703130246968758
444,55.5,Put,2025-11-17,0.3150684931506849,1.5950000000000002,CLZ25,63.31999969482422,0.044199999999999996,0.36337664288686744
445,56.0,Put,2025-11-17,0.3150684931506849,1.705,CLZ25,63.31999969482422,0.044199999999999996,0.35742108604282985
446,56.5,Put,2025-11-17,0.3150684931506849,1.82,CLZ25,63.31999969482422,0.044199999999999996,0.3513097904492909
447,57.0,Put,2025-11-17,0.3150684931506849,1.945,CLZ25,63.31999969482422,0.044199999999999996,0.34597023518150266
448,57.5,Put,2025-11-17,0.3150684931506849,2.07,CLZ25,63.31999969482422,0.044199999999999996,0.33945481630794766
449,58.0,Put,2025-11-17,0.3150684931506849,2.205,CLZ25,63.31999969482422,0.044199999999999996,0.33361469274611616
450,58.5,Put,2025-11-17,0.3150684931506849,2.355,CLZ25,63.31999969482422,0.044199999999999996,0.32920434221738537
451,59.0,Put,2025-11-17,0.3150684931506849,2.505,CLZ25,63.31999969482422,0.044199999999999996,0.3235717922663255
452,59.5,Put,2025-11-17,0.3150684931506849,2.67,CLZ25,63.31999969482422,0.044199999999999996,0.31921184667689856
453,60.0,Put,2025-11-17,0.3150684931506849,2.84,CLZ25,63.31999969482422,0.044199999999999996,0.3144214035855331
454,60.5,Put,2025-11-17,0.3150684931506849,3.02,CLZ25,63.31999969482422,0.044199999999999996,0.3099737783808843
455,61.0,Put,2025-11-17,0.3150684931506849,3.205,CLZ25,63.31999969482422,0.044199999999999996,0.3050689135838817
456,61.5,Put,2025-11-17,0.3150684931506849,3.405,CLZ25,63.31999969482422,0.044199999999999996,0.3011856146000716
457,62.0,Put,2025-11-17,0.3150684931506849,3.615,CLZ25,63.31999969482422,0.044199999999999996,0.2975233496490706
458,62.5,Put,2025-11-17,0.3150684931506849,3.835,CLZ25,63.31999969482422,0.044199999999999996,0.2940562331878298
459,63.0,Put,2025-11-17,0.3150684931506849,4.0600000000000005,CLZ25,63.31999969482422,0.044199999999999996,0.2900561613270416
460,63.5,Put,2025-11-17,0.3150684931506849,4.300000000000001,CLZ25,63.31999969482422,0.044199999999999996,0.2869300545092147
461,64.0,Put,2025-11-17,0.3150684931506849,4.550000000000001,CLZ25,63.31999969482422,0.044199999999999996,0.2839519054785254
462,64.5,Put,2025-11-17,0.3150684931506849,4.8100000000000005,CLZ25,63.31999969482422,0.044199999999999996,0.2811160705065538
463,65.0,Put,2025-11-17,0.3150684931506849,5.09,CLZ25,63.31999969482422,0.044199999999999996,0.27981115856915884
464,65.5,Put,2025-11-17,0.3150684931506849,5.365,CLZ25,63.31999969482422,0.044199999999999996,0.27656626840545573
465,66.0,Put,2025-11-17,0.3150684931506849,5.665,CLZ25,63.31999969482422,0.044199999999999996,0.27557028250816823
466,66.5,Put,2025-11-17,0.3150684931506849,5.965,CLZ25,63.31999969482422,0.044199999999999996,0.2733498965542131
467,67.0,Put,2025-11-17,0.3150684931506849,6.279999999999999,CLZ25,63.31999969482422,0.044199999999999996,0.272029642667768
468,67.5,Put,2025-11-17,0.3150684931506849,6.609999999999999,CLZ25,63.31999969482422,0.044199999999999996,0.2716619248121688
469,68.0,Put,2025-11-17,0.3150684931506849,6.945,CLZ25,63.31999969482422,0.044199999999999996,0.27084688824635955
470,68.5,Put,2025-11-17,0.3150684931506849,7.285,CLZ25,63.31999969482422,0.044199999999999996,0.2695921299912328
471,69.0,Put,2025-11-17,0.3150684931506849,7.645,CLZ25,63.31999969482422,0.044199999999999996,0.2701992078650942
472,69.5,Put,2025-11-17,0.3150684931506849,8.004999999999999,CLZ25,63.31999969482422,0.044199999999999996,0.26969556711670556
473,70.0,Put,2025-11-17,0.3150684931506849,8.375,CLZ25,63.31999969482422,0.044199999999999996,0.26964770277765393
474,70.5,Put,2025-11-17,0.3150684931506849,8.754999999999999,CLZ25,63.31999969482422,0.044199999999999996,0.270134387400397
475,71.0,Put,2025-11-17,0.3150684931506849,9.145,CLZ25,63.31999969482422,0.044199999999999996,0.27124916411042665
476,71.5,Put,2025-11-17,0.3150684931506849,9.535,CLZ25,63.31999969482422,0.044199999999999996,0.2713331978138779
477,72.0,Put,2025-11-17,0.3150684931506849,9.94,CLZ25,63.31999969482422,0.044199999999999996,0.2730727798793443
478,72.5,Put,2025-11-17,0.3150684931506849,10.355,CLZ25,63.31999969482422,0.044199999999999996,0.2757539243406451
479,73.0,Put,2025-11-17,0.3150684931506849,10.77,CLZ25,63.31999969482422,0.044199999999999996,0.2775620011786014
